{"times": [0.0, 0.33330454807138743, 0.6666090961427749, 0.9999136442141623, 1.3332181922855497, 1.6665227403569371, 4.9995682210708114, 5.332872769142199, 5.666177317213586, 5.999481865284974, 6.332786413356361, 6.666090961427749, 9.999136442141623, 10.33244099021301, 10.665745538284398, 10.999050086355785, 11.332354634427173, 11.66565918249856, 14.998704663212434, 15.332009211283822, 15.66531375935521, 15.998618307426597, 16.331922855497986, 16.66522740356937], "attentive_counts": [2, 2, 2, 2, 2, 2, 0, 0, 0, 1, 1, 1, 2, 2, 2, 1, 2, 2, 0, 0, 0, 0, 0, 0]}